V1,V2,V3,V4,V5
0.945674315286395,0.939244572751112,0.912458613533199,0.033215701753196,0.107823778043017
0.999539473409459,0.999389620752139,0.911157737200931,0.0883817362085289,0.103705337126115
0.989397900891388,0.972008467687327,0.896642472833477,0.0927554280579111,0.140946233849728
0.991935648140987,0.985195521508001,0.922019963615746,0.0699156845252402,0.0961434485785381
V1,V2,V3,V4,V5
0.998543679572872,0.999275902254885,0.950358077479205,0.0481856020936671,0.0489643782581286
0.918202937500685,0.938256189823289,0.828443828749114,0.0897591087515711,0.148005880755831
0.999871990890103,0.95384648816968,0.945207059123418,0.0546649317666855,0.0561533574111465
0.997957606427344,0.9859359304479,0.937575281720557,0.060382324706787,0.120426267875299
V1,V2,V3,V4,V5
0.9756084235421,0.966054634374223,0.916561660782577,0.0590467627595232,0.0763322828749864
0.971394463508115,0.972948462348855,0.906561818965498,0.0648326445426166,0.0961799892644505
0.990572324627259,0.995664309620548,0.930006999460839,0.0605653251664193,0.105430275450464
0.995632350083934,0.969128223126352,0.93671063867079,0.0589217114131444,0.0893984796206863
V1,V2,V3,V4,V5
0.893069936228327,0.951510435264777,0.832097728933679,0.0609722072946474,0.202433777072145
0.977118168776963,0.969184661978105,0.924640463507646,0.0524777052693177,0.0647920463495364
0.998074653625446,0.973738109860662,0.956863065307165,0.0412115883182807,0.0466867623676086
0.945831853914259,0.946171952396835,0.844901837046384,0.100930016867875,0.0925650159246561
V1,V2,V3,V4,V5
0.998547463334175,0.998967309840218,0.960776663323592,0.037770800010583,0.0582804052434284
0.994169552615953,0.973651775847838,0.944447997713476,0.0497215549024779,0.103229817963238
0.945942385736216,0.947991575435638,0.832252320059677,0.113690065676539,0.105987210103801
0.999036096071119,0.997798811125013,0.95684600240843,0.0421900936626897,0.035851658890285
V1,V2,V3,V4,V5
0.991279553670461,0.998694028755593,0.981261598657708,0.0100179550127528,0.055917768123003
0.981409667376966,0.978635261795486,0.908448869024712,0.0729607983522543,0.109071175102395
0.997034866168831,0.959870622663062,0.93546140188031,0.0615734642885207,0.157583026252732
0.999363429853032,0.999724925836279,0.982973974477254,0.0163894553757777,0.052083463436201
V1,V2,V3,V4,V5
0.997724400170177,0.997374206628497,0.971459458615464,0.0262649415547125,0.0425806219035465
0.995739901235318,0.997121567695212,0.882990130300977,0.112749770934341,0.130988954936258
0.99298056662315,0.953518731166126,0.953437139168053,0.0395434274550971,0.0515733696839199
0.997548142045806,0.998294422818134,0.945911778571523,0.0516363634742823,0.0397447584781429
V1,V2,V3,V4,V5
0.997641604231225,0.995104773275684,0.986952118509341,0.0106894857218834,0.0365519898741852
0.999685608263782,0.999851933102667,0.906933252874813,0.0927523553889686,0.073523957734087
0.993566079282981,0.989289656090483,0.959139611803575,0.0344264674794055,0.0727900455795451
0.973303914471047,0.99963310410935,0.891617909974579,0.0816860044964682,0.14621209580854
V1,V2,V3,V4,V5
0.998409738353253,0.999168474173914,0.970333624228129,0.0280761141251239,0.0355612757933692
0.984983649072265,0.983880032580956,0.935343576783979,0.0496400722882861,0.116257427692439
0.997834064432105,0.991654034868449,0.970772295702285,0.0270617687298201,0.0997242499382476
0.998406259300542,0.994944452557871,0.971117245065064,0.0272890142354783,0.0749106793280628
V1,V2,V3,V4,V5
0.999352197849223,0.975786953489858,0.948873696355222,0.0504785014940008,0.0715598766769501
0.985401610260121,0.998621110964326,0.977373455283098,0.00802815497702319,0.0676261904715552
0.998090455343348,0.998042723473328,0.934021872874873,0.0640685824684744,0.103969097053161
0.9998885412704,0.99732240356927,0.979162359111918,0.0207261821584817,0.0684606115308269
V1,V2,V3,V4,V5
0.985219788445707,0.991434959734408,0.955683833909406,0.0295359545363009,0.050116177517478
0.996298656939651,0.986242188304838,0.985070887966616,0.0112277689730346,0.0472181791877136
0.992716848339461,0.989755812663088,0.974914166820302,0.017802681519159,0.0676597616617664
0.997588168055474,0.993510256217689,0.984850502770506,0.012737665284968,0.0246710188763341
V1,V2,V3,V4,V5
0.969300116741931,0.945266651500452,0.892037615093447,0.0772625016484846,0.0840343222265836
0.999229742077473,0.997997849400107,0.957307769881656,0.0419219721958164,0.0475754672918981
0.920613988531433,0.961687826723551,0.885590802290715,0.035023186240718,0.0979278047463443
0.993349527241482,0.998763754066893,0.946534828059566,0.0468146991819151,0.0831965358502438
V1,V2,V3,V4,V5
0.988794927363633,0.991522451472084,0.96174734991429,0.0270475774493431,0.0432099777335586
0.993093082796761,0.996961337361135,0.934393273319091,0.05869980947767,0.0661039543318241
0.991707174969395,0.992590089456668,0.920908069377992,0.0707991055914035,0.0700010280771899
0.95376397256727,0.970422816896223,0.91598528392906,0.0377786886382102,0.101996747501786
V1,V2,V3,V4,V5
0.999462120104794,0.998596592445754,0.904332085037654,0.0951300350671401,0.0789003159306488
0.998501830859014,0.972186519119778,0.945482655175443,0.0530191756835714,0.0623582782286374
0.956036837484127,0.955096227237798,0.901690777667956,0.0543460598161709,0.0585399087613555
0.95952697119514,0.995245040545342,0.958724804339354,0.000802166855785423,0.0255314145236956
V1,V2,V3,V4,V5
0.984092285501144,0.997301642468606,0.988984405245066,-0.00489211974392296,0.024663355088744
0.999655735281289,0.999210249687703,0.987159949771359,0.0124957855099293,0.0505647287397289
0.889730875079409,0.906766978569439,0.7360767201287,0.153654154950709,0.1386006139583
0.972220683207318,0.99896907012139,0.960999150992748,0.0112215322145701,0.0481420405056085
V1,V2,V3,V4,V5
0.999910076963571,0.998826386908136,0.960487099251758,0.0394229777118131,0.0368761358366458
0.998026645433883,0.997928219479375,0.935627237068287,0.0623994083655967,0.0882166904811017
0.970582036645126,0.976860040551115,0.935149941281041,0.0354320953640854,0.118352679145842
0.993064340550797,0.993187625533543,0.988945764492433,0.00411857605836408,0.0149685405530942
V1,V2,V3,V4,V5
0.952234570784722,0.999936644591112,0.949544959693456,0.00268961109126563,0.0574178983140501
0.933821161171341,0.957690354054763,0.886794679770164,0.0470264814011772,0.104353862098497
0.997780212889587,0.998023854512,0.987179658071603,0.0106005548179841,0.0506754893176953
0.994738119415783,0.989677049979016,0.983971637410401,0.0107664820053829,0.0563855190214608
V1,V2,V3,V4,V5
0.999694991937712,0.999765165928648,0.983086188826985,0.0166088031107268,0.0512361766175952
0.995841557620523,0.995889153329498,0.950004394306821,0.0458371633137023,0.0706642405358671
0.967792643590848,0.9956634892143,0.932911281920481,0.0348813616703677,0.0733642283436402
0.992042947116807,0.985523970369393,0.972482713150556,0.0195602339662511,0.0731689719280888
V1,V2,V3,V4,V5
0.999419806672463,0.995932250705134,0.977108815488577,0.0223109911838861,0.0718629056978943
0.998488461034124,0.99833566586321,0.956205765945361,0.0422826950887623,0.0292525642783601
0.96987332226332,0.964537757287968,0.915075731060852,0.0547975912024685,0.102669111015921
0.961184639729035,0.960571875316183,0.946943807817023,0.0142408319120122,0.0738376359133492
V1,V2,V3,V4,V5
0.9966566091118,0.997497839688198,0.952841864063606,0.0438147450481937,0.069613600827795
0.999891357090911,0.99700529645569,0.980062571939789,0.0198287851511216,0.0678784736225621
0.997986868389938,0.99696606350892,0.955381474646246,0.0426053937436926,0.0984060541860481
0.94483677557101,0.989823160629311,0.920430613253776,0.0244061623172343,0.0516332720406617
V1,V2,V3,V4,V5
0.993456978651905,0.993483099827933,0.976943684560099,0.0165132940918065,0.0513092048046113
0.997769370234571,0.99836070257303,0.985831781539757,0.0119375886948141,0.0427581012838719
0.998577247833302,0.998606989677017,0.992464503867731,0.00611274396557163,0.0169536565944545
0.983386089316784,0.995446121907838,0.912469396269293,0.0709166930474913,0.114362338469984
V1,V2,V3,V4,V5
0.998664560176293,0.998610544192586,0.986159278602613,0.0125052815736796,0.00738607074427051
0.997932730106813,0.9984612082804,0.946921301389438,0.0510114287173753,0.0443300204518811
0.997276740245444,0.997182684477218,0.909780506537927,0.0874962337075179,0.108024805132095
0.999740465452143,0.999645755809582,0.943721800046955,0.0560186654051878,0.0714958539590217
V1,V2,V3,V4,V5
0.942455876529477,0.948277052847304,0.868549855976337,0.0739060205531396,0.0815103494444564
0.970668124565496,0.994234996830675,0.91269187875201,0.0579762458134864,0.0757383600458277
0.9996993844283,0.997348126659636,0.990269123049134,0.0094302613791664,0.0256464468670501
0.997339540997357,0.99753725793323,0.988831776392816,0.00850776460454086,0.0247090067347203
V1,V2,V3,V4,V5
0.997306858631845,0.989174059205741,0.965252081104416,0.0320547775274293,0.0456868545882642
0.994915303906263,0.996765395092532,0.901444033967066,0.0934712699391971,0.106758584584487
0.970488377712423,0.998569073976166,0.918927570318976,0.0515608073934472,0.0659592238703255
0.999481462293233,0.991769199778904,0.948872094257384,0.0506093680358483,0.0492319645388572
V1,V2,V3,V4,V5
0.972949648364568,0.996179678636427,0.879499624722459,0.0934500236421094,0.12638525023523
0.999947188043165,0.999982945602685,0.998995939868893,0.000951248174272526,0.000896756298697335
0.991220204570421,0.990181167211407,0.933955224095167,0.0572649804752539,0.0551835768184206
0.997280373340637,0.998061807723291,0.963014897874804,0.034265475465833,0.0303924603622748
V1,V2,V3,V4,V5
0.999917986685592,0.999544426867457,0.969699320522376,0.0302186661632153,0.0229875300210914
0.989714627261799,0.999068412250808,0.954940351312606,0.0347742759491931,0.0487981981447684
0.999513875412653,0.998201052803185,0.940809993259683,0.0587038821529697,0.0868183596743401
0.953231584332698,0.963770241271692,0.943941040600288,0.00929054373241003,0.0776117102341849
V1,V2,V3,V4,V5
0.995678023724325,0.997003006568071,0.905907866066187,0.0897701576581378,0.103178391766195
0.990367807526052,0.993354622178528,0.904249054810434,0.0861187527156185,0.073256882490332
0.998848764102515,0.998943278563416,0.994686419275222,0.00416234482729398,0.0118835458108917
0.984625765201762,0.994775792443752,0.970880820001185,0.0137449452005773,0.0968731776950109
V1,V2,V3,V4,V5
0.992766711075342,0.990526797338976,0.988591281720885,0.00417542935445692,0.0292418729289904
0.998216191598173,0.974350200812148,0.964049237439427,0.0341669541587457,0.0615173655928905
0.995967898755505,0.995468751719785,0.965176680658761,0.0307912180967432,0.0493731832528412
0.954237567048851,0.953797254672901,0.944431939610885,0.00980562743796635,0.0488251155107115
V1,V2,V3,V4,V5
0.961681741992411,0.969059093731782,0.955655266748161,0.00602647524424987,0.0394558957305279
0.960725992704306,0.959880682598035,0.948623692104196,0.0121023006001095,0.0962205915853478
0.971771356492058,0.998218666372458,0.897273965752879,0.0744973907391792,0.0962513866282434
0.98902067688768,0.991909473880018,0.959806951596781,0.0292137252908995,0.0602577661241822
V1,V2,V3,V4,V5
0.985188778861863,0.992645832503267,0.944991736410685,0.0401970424511773,0.0514640301724453
0.998637589967329,0.998710560267924,0.982474820464094,0.0161627695032354,0.0517518628311536
0.999811007780617,0.962050324366488,0.948025238721947,0.0517857690586697,0.0713612532308869
0.999829623740442,0.998228144017388,0.902206647469814,0.0976229762706281,0.103138534561821
V1,V2,V3,V4,V5
0.994525089917612,0.997218768099101,0.967557237144623,0.0269678527729888,0.063851216568138
0.988365011911896,0.985778131625466,0.982380272707674,0.00598473920422176,0.049318094820029
0.994750620393418,0.971917334071061,0.94618892619998,0.0485616941934377,0.0589460078654005
0.998581206731529,0.998682580644064,0.990379641126144,0.00820156560538535,0.0234353435198898
V1,V2,V3,V4,V5
0.972009132270297,0.973016936549635,0.953952131302222,0.0180570009680755,0.048546800812311
0.967792820431302,0.966915020436556,0.952298175476917,0.0154946449543848,0.075127100747544
0.998175784914063,0.999821702447043,0.930032826535776,0.0681429583782872,0.0871202093842383
0.99694988881154,0.966931406727049,0.952972947538191,0.0439769412733492,0.0519336482949387
V1,V2,V3,V4,V5
0.99058387777933,0.968576603543078,0.932275629332595,0.0583082484467348,0.0901232639061015
0.999278735230465,0.999004047003451,0.987224054931466,0.0120546802989991,0.0382604537618786
0.990904840548521,0.990859209671961,0.948583059016752,0.0423217815317688,0.0315019442746107
0.999627395631656,0.999649124766443,0.928250640886594,0.0713767547450625,0.124914528906625
V1,V2,V3,V4,V5
0.988352014544195,0.999849954484816,0.969578763895888,0.0187732506483066,0.0422307115957435
0.992599387954474,0.9930020445543,0.967490087548522,0.0251093004059527,0.0870247536709038
0.963654358929137,0.960601772772251,0.946324426756459,0.0173299321726777,0.0805020117593851
0.998015034004951,0.999281133245046,0.977011247415354,0.0210037865895975,0.0872968646397503
V1,V2,V3,V4,V5
0.964529655428077,0.961850165605611,0.958887232818672,0.00564242260940457,0.0342541897926814
0.959375984640054,0.990734712501214,0.944726314707603,0.0146496699324509,0.0965441244994074
0.996825050254862,0.996218922143391,0.939760773781177,0.0570642764736846,0.0824527984687686
0.999916078593345,0.999497883984083,0.984844511762781,0.0150715668305645,0.0621092077939875
V1,V2,V3,V4,V5
0.997989692565827,0.998215621870808,0.996437553747192,0.00155213881863532,0.00203119240603069
0.917147843148163,0.883680110633819,0.865012106487815,0.0521357366603478,0.134661949387488
0.997299031949797,0.997499275917538,0.982256133317666,0.0150428986321312,0.0374665029912005
0.972567615261748,0.951396790551355,0.916634794028424,0.0559328212333237,0.052218629549076
V1,V2,V3,V4,V5
0.997638582724045,0.992044168136293,0.924941386093821,0.0726971966302239,0.123929533247961
0.999966687605413,0.999977867850476,0.999220731822836,0.000745955782576767,3.75877962400577e-05
0.994718760455457,0.994659518398337,0.992106501654539,0.00261225880091735,0.0237953497495502
0.99735851685873,0.997210180816565,0.895224460531202,0.102134056327528,0.0767804283659892
V1,V2,V3,V4,V5
0.972101982043684,0.993885242024074,0.95293377841889,0.019168203624794,0.0497751354737574
0.998667205418673,0.998644017351274,0.99614877991637,0.0025184255023035,0.00670120543108487
0.987790180591816,0.984552409160257,0.96587387772349,0.0219163028683264,0.0845098733934396
0.991826705008889,0.994403491086551,0.981978650638119,0.00984805437076952,0.0389697535073329
V1,V2,V3,V4,V5
0.994784960053441,0.997422280947488,0.897178301644617,0.0976066584088245,0.101849533214086
0.997904822380657,0.997809706089854,0.997115438553529,0.000789383827128276,7.22973669562947e-05
0.974074628472469,0.99710312748611,0.959928436390512,0.0141461920819571,0.0250556914388889
0.999722747804749,0.995219953727367,0.978746923326786,0.0209758244779623,0.069740856108763
V1,V2,V3,V4,V5
0.996285078693021,0.99536940317251,0.888173501213783,0.108111577479238,0.117084663923397
0.999834047180583,0.999882741835871,0.983624437872949,0.0162096093076339,0.048597782983516
0.992293914443489,0.966760335280324,0.928443106036993,0.063850808406496,0.109516682311739
0.999940834464765,0.999418000991111,0.986598084449635,0.0133427500151297,0.0377792375507884
V1,V2,V3,V4,V5
0.976327098795756,0.997984585598519,0.953885678791752,0.0224414200040046,0.113313323986023
0.997277868530966,0.969917327703856,0.911530860656486,0.085747007874479,0.0759300031340351
0.996733385997781,0.996187541618818,0.921084505813767,0.0756488801840139,0.0657986213560201
0.999955729475845,0.999856229248053,0.985763094764358,0.0141926347114868,0.0574411316189889
V1,V2,V3,V4,V5
0.974159334956811,0.949060342139553,0.901719233112949,0.0724401018438623,0.0638144599664742
0.995878329713111,0.99641633658057,0.966171976041368,0.0297063536717423,0.0414567424044029
0.998498565248014,0.998601925544636,0.969910141064377,0.028588424183637,0.0708782263522051
0.962372097064519,0.931765157615241,0.919188407550683,0.0431836895138357,0.053796496792317
V1,V2,V3,V4,V5
0.996663100032193,0.994027592985695,0.979785062988185,0.0168780370440082,0.0649018976402508
0.999924904256305,0.993983216642858,0.983269597381857,0.0166553068744477,0.0295496321002173
0.985453519852197,0.998382766237729,0.916694857482812,0.0687586623693849,0.0926494015025431
0.970877150962205,0.971001903822757,0.954780988490011,0.0160961624721946,0.0385809687458488
V1,V2,V3,V4,V5
0.952695202870815,0.952116881258278,0.925546094824478,0.0271491080463372,0.081809570789667
0.997108582099231,0.998907301749396,0.980947247231477,0.0161613348677534,0.0621478380593807
0.999582415064422,0.999620989489682,0.991613592338946,0.00796882272547613,0.0234971817740541
0.998571247080237,0.99294250449838,0.982539305704051,0.0160319413761853,0.0514676871776342
V1,V2,V3,V4,V5
0.989614728060005,0.989615779254474,0.928020525148061,0.0615942029119442,0.0881533649250185
0.956757320341031,0.998938670308734,0.931538995290156,0.0252183250508751,0.0965383966628945
0.998482906453903,0.9988358784084,0.973787282440478,0.0246956240134246,0.0588397384060095
0.999696426905301,0.999137609704444,0.998692437084924,0.00100398982037733,0.000324225806214976
V1,V2,V3,V4,V5
0.998242335700568,0.996927726908828,0.983644686340699,0.0145976493598695,0.0438423742628662
0.993269525411611,0.980182366339988,0.973198315697724,0.0200712097138867,0.0537204966023474
0.984665820327845,0.995889686970194,0.966055394011244,0.0186104263166008,0.125374391364
0.998277369808844,0.998575629910285,0.987986824016463,0.0102905457923805,0.0413257083837576
V1,V2,V3,V4,V5
0.997096056681061,0.996932670073099,0.957015505358889,0.0400805513221726,0.0463929475197051
0.999965306264214,0.999980261120075,0.952700142266268,0.0472651639979461,0.026446237450612
0.972115001865081,0.986287487157483,0.962039243373093,0.0100757584919882,0.0585709825894742
0.972859627453025,0.957331439967455,0.928756272518063,0.0441033549349621,0.125529666569622
V1,V2,V3,V4,V5
0.987139024226374,0.987596795064008,0.961370758285633,0.0257682659407408,0.0473374722446538
0.99303222916122,0.974803931620024,0.978353153945469,0.0146790752157505,0.0479622039299403
0.959737196675665,0.972058733885228,0.957689888950407,0.00204730772525821,0.0315181530693712
0.999873957045462,0.999654308444107,0.97935787990753,0.0205160771379321,0.0637357913670244
V1,V2,V3,V4,V5
0.998837220973861,0.986600945203483,0.984906200260633,0.013931020713228,0.0445088232616458
0.999663085531713,0.967588623108914,0.949383360357967,0.0502797251737451,0.0705323677087824
0.998678047765623,0.999932285878813,0.983648034112949,0.015030013652674,0.0486615509009175
0.969052031773125,0.990400264168764,0.941611646300019,0.0274403854731063,0.0763820563705334
V1,V2,V3,V4,V5
0.998816448208626,0.977190695312922,0.976701620446925,0.0221148277617014,0.0626740249056426
0.999941423431757,0.999611549987272,0.992859558609829,0.00708186482192755,0.0145931612406698
0.998259174657834,0.958436645099288,0.906860805273547,0.0913983693842869,0.100711470746314
0.992728800642829,0.993399625008755,0.931503542966816,0.0612252576760128,0.0483588755889109
V1,V2,V3,V4,V5
0.933626667060768,0.974132400309859,0.850811851980069,0.0828148150806996,0.0600058461997385
0.997899493462873,0.995459932543093,0.916420528284372,0.0814789651785011,0.0545732122904623
0.972046856585765,0.998601407610402,0.947903015154999,0.024143841430766,0.0816979604070018
0.998079369489997,0.998487758488133,0.997871796797673,0.000207572692323895,0.00110884878165634
V1,V2,V3,V4,V5
0.996982163467924,0.997566326337577,0.948240346771598,0.0487418166963263,0.0932150260383942
0.99145926950124,0.97080519114003,0.965574028517014,0.0258852409842261,0.0247471002267606
0.999428497023219,0.998831337556936,0.945142816335927,0.0542856806872916,0.0808713543901513
0.999966492778566,0.999958830295444,0.983998672890642,0.0159678198879239,0.01717734414328
V1,V2,V3,V4,V5
0.999480028345712,0.997285883164013,0.944199278522875,0.0552807498228369,0.0921586885673851
0.993370627476877,0.993121702134328,0.968519745230291,0.0248508822465863,0.0427529597327006
0.999722259470607,0.999461884509575,0.985504837391279,0.0142174220793277,0.0388496884198854
0.992380022066492,0.998639924929525,0.965056107428163,0.0273239146383297,0.0367470051699753
V1,V2,V3,V4,V5
0.999498821154573,0.999936461912031,0.974854472898965,0.0246443482556088,0.0810199467862513
0.99836189348092,0.998681806074328,0.976945063080831,0.0214168304000893,0.0484197878825096
0.999464825953419,0.999774539958137,0.990963586834624,0.00850123911879508,0.0251936051229414
0.970718449376343,0.973421209013784,0.936935327275474,0.0337831221008689,0.0449205543588616
V1,V2,V3,V4,V5
0.994775471098692,0.990399413470715,0.98281352978197,0.0119619413167217,0.0468505254772719
0.993294460395245,0.993103556839941,0.927515681834952,0.0657787785602926,0.0799254312285145
0.949780043288531,0.955112650578605,0.9499758975841,-0.000195854295568264,0.030862524336006
0.998482839940934,0.999069455059548,0.954208999618194,0.0442738403227404,0.058156769071877
V1,V2,V3,V4,V5
0.999145459382283,0.99996825962304,0.987353711252355,0.0117917481299279,0.0220230392749122
0.999806365318774,0.999749063592256,0.921726394869974,0.0780799704488004,0.0775463195588768
0.997292418336301,0.997403072690357,0.996673309996148,0.000619108340152697,0.000241922397249975
0.940539524799576,0.978372361743742,0.87586898533274,0.0646705394668356,0.107610228175409
V1,V2,V3,V4,V5
0.925808745399881,0.939071871147655,0.794797859003198,0.131010886396683,0.0664138871938595
0.998609623327406,0.99789883481634,0.990669917922226,0.0079397054051798,0.0221694078810138
0.945524867779551,0.955501862820755,0.904907938293258,0.0406169294862926,0.0714560841738181
0.999682876826344,0.999773922897771,0.988160661536206,0.011522215290138,0.0315536065569403
V1,V2,V3,V4,V5
0.990629196179711,0.968901540518357,0.917606283394316,0.0730229127853945,0.071311127432478
0.99994798648725,0.993350342450209,0.990797588944501,0.00915039754274867,0.0370391332911758
0.960290820806882,0.96196116468134,0.868866796647118,0.0914240241597644,0.121449415416124
0.999361829299176,0.991492991817889,0.99062210251083,0.00873972678834583,0.0248117956277983
V1,V2,V3,V4,V5
0.997280401889898,0.998455138282039,0.948618603054064,0.0486617988358333,0.0712320933953838
0.987488636236708,0.986257237301211,0.978880816878029,0.00860781935867891,0.0663410296033299
0.997704858110018,0.998012748391658,0.988843603585567,0.00886125452445166,0.0549712972481286
0.992854094821648,0.992957081790759,0.981704568068184,0.0111495267534638,0.0438396851037585
V1,V2,V3,V4,V5
0.999966059314251,0.973641727003246,0.965249741647372,0.0347163176668793,0.0304100550815989
0.992273144101724,0.978311972566453,0.953891475125239,0.0383816689764853,0.10105154235944
0.99991783054467,0.999958744988337,0.985124308348286,0.0147935221963837,0.0292927504338543
0.999205759554897,0.980018543174551,0.975754599155348,0.0234511603995486,0.0502916930038419
V1,V2,V3,V4,V5
0.998486941387966,0.972504508101645,0.930284737416229,0.0682022039717375,0.117493667866106
0.998789266981349,0.99867925160975,0.985589633407523,0.0131996335738259,0.0232847487565719
0.992777673577677,0.982539773579943,0.975458035995118,0.0173196375825592,0.0549954282343023
0.992024420895821,0.995613785119415,0.996400143937747,-0.00437572304192627,0.0233215005779347
V1,V2,V3,V4,V5
0.972417239595467,0.988544759035708,0.928432416743051,0.0439848228524163,0.048763046812392
0.997103478507618,0.99791178137061,0.939553014194763,0.0575504643128553,0.0547249949978165
0.997017966430006,0.997033093084075,0.984166488890318,0.0128514775396886,0.045879038866437
0.950371610682004,0.94225785495432,0.899997652320956,0.0503739583610483,0.0739205987896098
V1,V2,V3,V4,V5
0.99979513241213,0.986693418150041,0.982996602864134,0.0167985295479958,0.0525512793824777
0.997566120454831,0.998384272138516,0.98128539694139,0.0162807235134407,0.0532232737790785
0.97361688712589,0.997844535580619,0.959594471831114,0.014022415294776,0.0486555574416472
0.998115567661001,0.998868806278185,0.946592784558477,0.0515227831025243,0.0494960037115467
V1,V2,V3,V4,V5
0.956464714976877,0.958874504106644,0.939512939979983,0.0169517749968933,0.0720925697853513
0.99875707110159,0.998696557843208,0.967638464703409,0.0311186063981809,0.0400016082300089
0.968674086985506,0.992010722780687,0.957469241148095,0.0112048458374117,0.0460532083094436
0.999140421617884,0.999107742710544,0.992805381027708,0.00633504059017555,0.0198528218163597
V1,V2,V3,V4,V5
0.943014018674648,0.970913220714016,0.926880273714651,0.0161337449599965,0.06616311366078
0.973111904903215,0.972623055693044,0.881475283338406,0.0916366215648088,0.0958499933665238
0.993503167416843,0.993594297463809,0.976213444282985,0.0172897231338579,0.0392350750514786
0.999934122537781,0.999953901653827,0.993480161378304,0.00645396115947774,0.0173937126025964
V1,V2,V3,V4,V5
0.998367557534446,0.961061590487624,0.945595026162619,0.0527725313718274,0.0499847206995838
0.986967493799765,0.985410641976165,0.979461517769959,0.00750597602980589,0.0639824115233528
0.995395488858603,0.973237507056786,0.940295451817024,0.0551000370415785,0.0759346655344217
0.998727770526025,0.998646591976604,0.950337418340059,0.0483903521859662,0.041543519058438
V1,V2,V3,V4,V5
0.999941450132904,0.999971790992219,0.992088249907396,0.00785320022550823,0.0250114451726729
0.993354147096912,0.986910377258743,0.966490671391187,0.026863475705725,0.0603016630760876
0.989160845236249,0.996239358305909,0.97636087672229,0.0127999685139593,0.0754292704723444
0.999888454868522,0.999965455314077,0.991619876759793,0.00826857810872858,0.0223847968045499
V1,V2,V3,V4,V5
0.996683054430544,0.997923825732661,0.988069180010359,0.00861387442018477,0.0439621563883275
0.998315926481461,0.998498138613218,0.974005745030673,0.0243101814507883,0.0606990716495847
0.999384864969742,0.99983757236829,0.988364325264839,0.0110205397049026,0.00815363153937111
0.949187416663928,0.960142083866799,0.92380227212038,0.0253851445435485,0.0757664530408639
V1,V2,V3,V4,V5
0.936097585663395,0.921165279428318,0.923153710227147,0.0129438754362489,0.0766560862640316
0.997611100207569,0.997208982592227,0.973501090262527,0.0241100099450418,0.030218491001589
0.999533754234898,0.99862836352078,0.986643834996951,0.0128899192379472,0.0421228360652481
0.9999635117112,0.999951815657845,0.960835285547055,0.0391282261641454,0.0486640516620816
V1,V2,V3,V4,V5
0.96452970465828,0.994046160059181,0.896052496004767,0.0684772086535132,0.0850354424683227
0.941602818382898,0.894655759920435,0.877309310669555,0.0642935077133433,0.146484331523702
0.999758960940179,0.999845224765158,0.997714021842818,0.00204493909736155,0.00407857945069863
0.996987743255369,0.997583320154086,0.991438524646932,0.00554921860843644,0.019879806399279
V1,V2,V3,V4,V5
0.998921368172425,0.998199966008148,0.823082030540804,0.17583933763162,0.110831219984216
0.973083749164299,0.973831204681553,0.960800480797343,0.0122832683669563,0.0248156549798474
0.998701361700782,0.972500646525078,0.951718920136989,0.0469824415637929,0.0279006369986472
0.995405626761944,0.997066890382458,0.955935632149345,0.0394699946125992,0.0657753469559166
V1,V2,V3,V4,V5
0.992082268482617,0.993003787382721,0.963192457920951,0.0288898105616666,0.0378539686272154
0.994460770110803,0.993599124862275,0.988457618621652,0.00600315148915054,0.0198464375043852
0.998483427324646,0.997498728253157,0.956297573216522,0.0421858541081247,0.047766879777408
0.999022377521808,0.99891292566866,0.94697561270476,0.0520467648170475,0.0702128205296219
V1,V2,V3,V4,V5
0.998680965785017,0.995701679503221,0.940295421538274,0.0583855442467433,0.0641611801932817
0.975915978805463,0.995954832033301,0.930180703861271,0.0457352749441917,0.0780462554204452
0.993062266712534,0.99339037367063,0.981530878463556,0.0115313882489778,0.0405517307763804
0.998911398521865,0.998702000850737,0.996832033686029,0.00207936483583592,0.00504105341638767
V1,V2,V3,V4,V5
0.99824032888318,0.991464641559126,0.986724270166472,0.0115160587167077,0.0483568345388972
0.997517351786936,0.988637635439385,0.950423534619469,0.0470938171674663,0.0530482245230058
0.991456927750927,0.992417065587373,0.991691382764399,-0.0002344550134722,0.0236298453984906
0.990679924558801,0.994309587436523,0.991578695620142,-0.000898771061341301,0.0244024742510042
V1,V2,V3,V4,V5
0.999975663573732,0.999957132807828,0.998085842106658,0.00188982146707473,0.00408412214857921
0.998047113782804,0.998647188202071,0.956211949073076,0.0418351647097281,0.0498982342500875
0.999018828877538,0.992859317405045,0.984533804229327,0.014485024648211,0.0486614729416235
0.98645144006712,0.995902025375947,0.974134938544479,0.0123165015226418,0.0811780092182341
V1,V2,V3,V4,V5
0.987459359301628,0.989359416337469,0.923500858978429,0.0639585003231991,0.0563579928086606
0.975068121005482,0.96118930866017,0.961040026836351,0.0140280941691313,0.0239534133370078
0.990764381503861,0.99848990006216,0.981215116235308,0.0095492652685535,0.0594439888828448
0.973428432168177,0.999762335746531,0.945911778216103,0.0275166539520745,0.0532692433867347
V1,V2,V3,V4,V5
0.994593944492088,0.961033442215571,0.955818884794318,0.0387750596977698,0.0679494913248986
0.98576366862904,0.993051590977415,0.983207807662252,0.00255586096678772,0.048100811956888
0.999612003863343,0.999642230997627,0.981009260385361,0.0186027434779825,0.0583442786315931
0.999948924708794,0.982553773560879,0.942334984254248,0.0576139404545467,0.0438118177672234
V1,V2,V3,V4,V5
0.999705198751218,0.961630322092556,0.960886258793045,0.0388189399581729,0.0240454446070831
0.99926121774921,0.962593057925995,0.929372204842912,0.0698890129062984,0.0665169055277576
0.99982516612158,0.998874803854282,0.997160520579553,0.00266464554202742,0.00566123613411094
0.998424115808343,0.998607501713753,0.973759429017782,0.0246646867905608,0.089571066721512
V1,V2,V3,V4,V5
0.996660919755576,0.998021532815363,0.987792600836865,0.00886831891871083,0.0400533355751606
0.999399293486123,0.999754645722643,0.992562347093911,0.00683694639221177,0.0235836387512904
0.992534843757317,0.999144477605926,0.916296774229976,0.0762380695273416,0.11431266182169
0.993631566564829,0.996530397789418,0.985885378088088,0.00774618847674058,0.0406646780956345
V1,V2,V3,V4,V5
0.972180433224612,0.994106635338621,0.892398965518261,0.0797814677063513,0.131489477347112
0.991512168753701,0.99388214608243,0.982365015752187,0.00914715300151453,0.037580668503838
0.999939465733222,0.999921817747547,0.991111328277181,0.00882813745604084,0.0251728313815065
0.999910463908053,0.999636867501921,0.999438253171216,0.000472210736837593,1.73736211092007e-05
V1,V2,V3,V4,V5
0.98537388409503,0.996967014164017,0.979835391625449,0.00553849246958057,0.0505527877405244
0.996810563168084,0.965543072799392,0.958562377164691,0.0382481860033931,0.0581050849318011
0.999935518165168,0.999943560209398,0.950872853414461,0.0490626647507073,0.0336147031435723
0.997642763579997,0.984468993066851,0.969250077280756,0.0283926862992402,0.0770769180855877
V1,V2,V3,V4,V5
0.993716708343111,0.994494705265394,0.957186927548033,0.0365297807950783,0.0878850973460708
0.999950778098006,0.999895111752434,0.996947594898475,0.00300318319953151,0.00461740302263995
0.990839140783982,0.998317355020811,0.937529263972814,0.0533098768111676,0.0715772364340258
0.998521892847297,0.998636850702069,0.988902694338368,0.00961919850892933,0.0267499729723468
V1,V2,V3,V4,V5
0.995220134577012,0.997157515242633,0.959765809315115,0.0354543252618966,0.0445237841261736
0.987552971764572,0.98440699942172,0.922343512325796,0.0652094594387754,0.0983185647674741
0.995678531167743,0.997799072066566,0.998702570015655,-0.0030240388479115,0.000554106212410552
0.999964097317132,0.999927506470565,0.970162573520458,0.029801523796674,0.0270447691054396
V1,V2,V3,V4,V5
0.999936988511595,0.99996998727767,0.990858161402011,0.00907882710958407,0.024813725216869
0.995655854699061,0.998284217744215,0.986796874709065,0.00885897998999638,0.0454185459993193
0.991303778706509,0.986551771015471,0.977683666385766,0.0136201123207428,0.0738203920455706
0.999959784391815,0.999732867577733,0.985322238025727,0.0146375463660875,0.0653500909922082
V1,V2,V3,V4,V5
0.99769607378328,0.955267627958047,0.913226322269707,0.0844697515135727,0.0660134849897726
0.990232844079301,0.990321761012842,0.979555211524093,0.0106776325552083,0.0520501086767015
0.99873813448317,0.998688087661912,0.991732057983036,0.00700607650013397,0.0233928630318106
0.999317629978204,0.998792855025066,0.998464513177038,0.000853116801166014,0.000434837546041669
V1,V2,V3,V4,V5
0.999903783020356,0.999867769017109,0.991324116332025,0.00857966668833108,0.0246176099852182
0.997970351572795,0.992046041053699,0.971104317710178,0.0268660338626173,0.10017544874313
0.999344463042558,0.956802932273029,0.936909896917173,0.062434566125385,0.0837817980700754
0.999699333689719,0.99980945730367,0.988017572315901,0.0116817613738177,0.0402477917185629
V1,V2,V3,V4,V5
0.999879623837264,0.999953141361183,0.998002043945992,0.00187757989127261,0.00196162117709715
0.999953440240866,0.999984426953222,0.989844284089092,0.0101091561517736,0.03133160523877
0.998887985354676,0.956441429955263,0.93384943377151,0.065038551583166,0.0659479185378748
0.996779546428455,0.996508799301976,0.935255446805668,0.0615240996227869,0.0643552850633531
V1,V2,V3,V4,V5
0.99947816254316,0.999362115729501,0.989150222360334,0.0103279401828262,0.0369193797979448
0.996524549380459,0.997046120041394,0.95395774965686,0.0425667997235989,0.0463889473002557
0.994020365869048,0.984288283423817,0.967369433229129,0.0266509326399188,0.0488971825332538
0.995181800682367,0.995985547841191,0.919964979314464,0.0752168213679026,0.0987874714429194
V1,V2,V3,V4,V5
0.999878715222024,0.999435916238243,0.998943794267975,0.000934920954048682,0.000249046858336976
0.999687666150432,0.999151718364556,0.975552079791579,0.0241355863588532,0.0374356920770876
0.996839410180767,0.998094141359273,0.970435937455219,0.0264034727255484,0.078923789900627
0.999705050993419,0.999768719610626,0.980790048016045,0.0189150029773733,0.0668060385805537
V1,V2,V3,V4,V5
0.99827974490895,0.995589152082373,0.978142017297729,0.0201377276112215,0.0713922818809417
0.999987382820256,0.999913168771753,0.992458294226298,0.00752908859395803,0.0207887584746905
0.998688699980235,0.99834273025499,0.983376426050522,0.0153122739297135,0.0460573585667776
0.998680358543032,0.998628496932734,0.99704348942147,0.0016368691215619,0.00313210889154211
V1,V2,V3,V4,V5
0.997459475408086,0.998736527578679,0.963442032236784,0.0340174431713016,0.04549823122649
0.998712330531963,0.999602564050434,0.975758056736715,0.0229542737952471,0.0362687311441236
0.994869299334377,0.992904618504969,0.96932216578492,0.0255471335494575,0.0393534067066598
0.975207637101562,0.975636418535368,0.957894927724895,0.0173127093766674,0.0532752508587651
V1,V2,V3,V4,V5
0.998810360377733,0.999375475163446,0.9970266499575,0.00178371042023306,0.00287395742702201
0.973500377076796,0.957415184472863,0.919753323607067,0.0537470534697292,0.122958706692648
0.973507983292294,0.999944905146297,0.968575825174079,0.00493215811821516,0.021534294936783
0.998719680218934,0.998822244124102,0.998053260249044,0.000666419969890302,0.000136382960233042
V1,V2,V3,V4,V5
0.999898254202804,0.998734958506819,0.960303995182744,0.0395942590200597,0.0429377240416494
0.993651879657095,0.995355888270436,0.981931101784593,0.0117207778725015,0.0514600800112031
0.996787495869463,0.998857987519748,0.964491738549613,0.0322957573198501,0.0445219416474623
0.961917505355272,0.999392373861418,0.948172094805402,0.0137454105498701,0.0730578798839144
V1,V2,V3,V4,V5
0.96127729213283,0.973241456205783,0.955946479804158,0.0053308123286719,0.0428877228332919
0.997650639397264,0.998206512295311,0.978958463099203,0.018692176298061,0.032012059996856
0.999916981086713,0.999943661069229,0.986764820012887,0.013152161073826,0.0552129023849625
0.95925059589701,0.995023518018829,0.950478739376889,0.00877185652012097,0.0557301791474165
V1,V2,V3,V4,V5
0.996027169868733,0.997657151577145,0.977316077973756,0.0187110918949771,0.0716887743545571
0.999632261371088,0.994363288490896,0.990732291892567,0.00889996947852037,0.015899104439384
0.935135628494344,0.959421088781852,0.917737927846835,0.017397700647509,0.0819615144205324
0.95630031664715,0.972578020441901,0.914853213327215,0.0414471033199351,0.0668322686419811
V1,V2,V3,V4,V5
0.999979633210442,0.999992877797739,0.993467189959776,0.00651244325066578,0.0180075937449892
0.997333320448529,0.996373202285837,0.982532757560057,0.0148005628884715,0.0334041608365337
0.987062576264248,0.987210325288021,0.983339291212333,0.00372328505191504,0.0271572188196347
0.999854300206831,0.994024287769532,0.982224397105232,0.0176299031015988,0.0548724965918439
V1,V2,V3,V4,V5
0.998802466212402,0.997948366597689,0.990837512167337,0.00796495404506499,0.024213390907775
0.999950136538785,0.999961122877617,0.998209664131629,0.00174047240715596,0.00193387287544123
0.993251573403221,0.996760035383175,0.992637057737492,0.00061451566572902,0.0238711883758132
0.983487174175683,0.994618053300368,0.977534555509178,0.00595261866650486,0.0745005845166343
V1,V2,V3,V4,V5
0.998581624405814,0.998241176486151,0.962939608523354,0.0356420158824602,0.0413579365993762
0.997978232800749,0.996473739340075,0.992756099958656,0.00522213284209337,0.0237294879232079
0.999378417849758,0.99878791522839,0.985344895291508,0.0140335225582505,0.0172754134262739
0.999531866959438,0.999574607410947,0.954139318377678,0.04539254858176,0.083152082301803
V1,V2,V3,V4,V5
0.999601325976014,0.999895724908214,0.946887607547733,0.0527137184282806,0.0783238686741235
0.999264701165749,0.999838698527951,0.992039375204134,0.00722532596161547,0.0238297888526912
0.99016004534715,0.995636526605882,0.964912329894382,0.0252477154527676,0.0970805195752888
0.994766094987457,0.994770059811396,0.994376156542498,0.000389938444958756,0.0003969666381051
V1,V2,V3,V4,V5
0.998469547020376,0.998629727198727,0.995453194737689,0.00301635228268677,0.0107815879091066
0.972040314619139,0.973193487137715,0.938834026589722,0.0332062880294169,0.096043731206166
0.997960503416252,0.999706838457119,0.976761053504325,0.0211994499119268,0.0548829438200825
0.999104850089536,0.998957665378583,0.976916778604552,0.022188071484984,0.0451009306363905
V1,V2,V3,V4,V5
0.999245777404605,0.998788165327538,0.998406418531221,0.000839358873383099,2.08307294921468e-05
0.999217312698322,0.993798229306719,0.987747081075272,0.0114702316230504,0.0281589587930868
0.993533264092999,0.988828551289631,0.984720674903013,0.00881258918998567,0.0441092827622716
0.957750495259236,0.987389783996483,0.934067346594209,0.0236831486650269,0.0929424851560828
V1,V2,V3,V4,V5
0.997954313837123,0.972663948194728,0.960309387665984,0.0376449261711388,0.0241830766167362
0.997055836044987,0.999814522038604,0.990698545746165,0.00635729029882293,0.0257364719570061
0.993090062934993,0.993452193154857,0.976583840118705,0.0165062228162877,0.0342135175764452
0.999816209650725,0.999684213629937,0.969989504717811,0.0298267049329143,0.0438850446622164
V1,V2,V3,V4,V5
0.999590194228396,0.998677375069123,0.992479887581218,0.00711030664717824,0.0191024259581026
0.965268869610675,0.920216890551885,0.887438863442753,0.0778300061679229,0.0771794180042692
0.994486741457884,0.96794735583962,0.949929215213032,0.0445575262448513,0.0376783258834127
0.991798283355211,0.991789814761794,0.938060491604096,0.0537377917511156,0.0729193985421227
V1,V2,V3,V4,V5
0.999834898387407,0.999391176068319,0.992703804445865,0.00713109394154221,0.0238542869144277
0.998649654240902,0.998744790347513,0.986939079927847,0.0117105743130551,0.00936670662870869
0.999591198043338,0.999624059309147,0.918253918869212,0.0813372791741266,0.10627657071004
0.985210200855632,0.985204363566627,0.978065727216555,0.00714447363907749,0.0393416343285929
V1,V2,V3,V4,V5
0.98921334927819,0.990801191183406,0.97978466561743,0.00942868366075938,0.0531027174111383
0.999903920651541,0.99998282742102,0.992046093386581,0.00785782726496007,0.0209947388241962
0.994493298604086,0.999965015793191,0.993872313737447,0.000620984866639157,0.0160942519354113
0.999193173668833,0.997815761458625,0.951058887201971,0.0481342864668622,0.0609689416192864
V1,V2,V3,V4,V5
0.998939104697021,0.999624354416202,0.959309076885601,0.0396300278114202,0.0300666746182845
0.972257065871793,0.961975483852902,0.941969936302081,0.0302871295697121,0.0623760969984779
0.990730168792663,0.932993510653284,0.919098517173504,0.0716316516191592,0.0488194464294871
0.957366841095273,0.972835426111807,0.930782934118687,0.0265839069765864,0.0625641404866694
V1,V2,V3,V4,V5
0.951301883871059,0.951586246897299,0.951730768540997,-0.000428884669938519,0.0239933663080274
0.973116280231735,0.999535569442998,0.944486577301859,0.0286297029298766,0.0470866026815021
0.998286410051248,0.996642253363086,0.952816945640043,0.0454694644112052,0.0522852859387916
0.960104021526397,0.960173322018006,0.953649625563133,0.00645439596326439,0.0488835054957231
V1,V2,V3,V4,V5
0.999310942470421,0.998875398507909,0.987875533954354,0.0114354085160661,0.029384051108927
0.987388032435278,0.983218328371606,0.976655340586128,0.0107326918491497,0.0723919014869671
0.998500157101004,0.999397904081064,0.97455167823237,0.0239484788686344,0.0564225391454039
0.98204206520065,0.999452265112852,0.963683444439439,0.0183586207612112,0.0416404260971939
V1,V2,V3,V4,V5
0.998715266581508,0.998723487183321,0.991734386541025,0.00698088004048306,0.0222893610463273
0.996972572635268,0.960890018100118,0.946507357300671,0.050465215334597,0.079739246544346
0.994459754282644,0.988417561054547,0.973782917979132,0.0206768363035119,0.0716148330400491
0.999984025480063,0.999999334834685,0.996231308274205,0.00375271720585762,0.00932532159108488
V1,V2,V3,V4,V5
0.997717250792508,0.997553074620103,0.992303831149034,0.00541341964347393,0.0106447689798782
0.999596892640854,0.999888988280809,0.990992264097611,0.00860462854324298,0.0232883328227763
0.998665140180426,0.998694316287681,0.950385172171182,0.0482799680092442,0.0374062084439503
0.998772904613293,0.970390433463033,0.953071787811601,0.0457011168016924,0.030703145910441
V1,V2,V3,V4,V5
0.976185911963712,0.993480243548746,0.946966145542981,0.0292197664207305,0.0745726760926081
0.99985346973426,0.999570599225172,0.982049592994879,0.017803876739381,0.0622264209785512
0.998850187923637,0.998451519239993,0.994172757300607,0.00467743062302948,0.0144030564882383
0.994539247166196,0.994326087713184,0.993172638235526,0.00136660893066903,0.0015882031407707
V1,V2,V3,V4,V5
0.993050384218965,0.995523546550078,0.97612691519701,0.0169234690219545,0.0262837725002445
0.991202350060658,0.989424189958769,0.955977226206215,0.0352251238544425,0.0493310760513995
0.999299648856212,0.999816850422504,0.915199952108428,0.0840996967477842,0.0655308532068637
0.999957740485014,0.998969390515023,0.989022558746038,0.0109351817389752,0.0268367408149212
V1,V2,V3,V4,V5
0.999933942595085,0.999970802905718,0.960406507348061,0.0395274352470235,0.0447135603492814
0.99922847941469,0.998595228011978,0.946777791025334,0.0524506883893558,0.0574007056312684
0.999982943716548,0.994454381736991,0.983658967397125,0.0163239763194223,0.0310991220949353
0.997271232360304,0.995425508730927,0.9490394675903,0.0482317647700049,0.053043205987811
V1,V2,V3,V4,V5
0.999813870946464,0.999077265829872,0.98472982414021,0.0150840468062541,0.0493927625991255
0.996497983908994,0.977066727489915,0.922198444487868,0.0742995394211252,0.0815245460852787
0.999643416916419,0.99783908438207,0.973956367190724,0.0256870497256954,0.0302996105822706
0.999318553284429,0.999103020603893,0.962437230577878,0.036881322706551,0.0418141914071556
V1,V2,V3,V4,V5
0.998729488108536,0.999688976077929,0.98981590086112,0.00891358724741563,0.0373700383084314
0.968331067323796,0.994732283384724,0.950427689056037,0.0179033782677583,0.0265555770496411
0.994879597908522,0.999885584818031,0.947039080998931,0.0478405169095909,0.0519910440857167
0.998611111102721,0.999280691939917,0.96076759876151,0.0378435123412104,0.0484462990525459
V1,V2,V3,V4,V5
0.972271541886425,0.972294425957398,0.946601834909099,0.0256697069773258,0.0476791485382495
0.998928170523381,0.998873553690664,0.980659798357737,0.0182683721656437,0.0303192473629886
0.998678773552518,0.999711191913525,0.99695239792997,0.0017263756225474,0.00357043991316026
0.957878708380864,0.979979499152679,0.953150498980657,0.00472820940020687,0.0687415665675257
V1,V2,V3,V4,V5
0.993033967374464,0.992896893778907,0.984747816090866,0.00828615128359845,0.0250620092071225
0.99911128241625,0.996720205523616,0.962104374248151,0.0370069081680991,0.0454514499205807
0.99938832268158,0.993386885927568,0.996015715489723,0.00337260719185713,0.00904370693398412
0.998619715420441,0.999657354199013,0.992906303075912,0.00571341234452894,0.0235655886338873
V1,V2,V3,V4,V5
0.986446852615397,0.991956898273965,0.969433298477235,0.0170135541381615,0.113187484986581
0.998739771160112,0.997614483100007,0.998019691147524,0.000720080012588261,0.000650002225677359
0.998689705841346,0.998560174375266,0.997948375923908,0.000741329917437791,0
0.999862158486141,0.99998332649972,0.996130259293352,0.00373189919278897,0.0103516959944897
V1,V2,V3,V4,V5
0.999190249964812,0.998947752278707,0.960903120847206,0.0382871291176058,0.0490009905159107
0.99795257886322,0.999714614412392,0.965842817404183,0.0321097614590378,0.0216645423525016
0.956736028324221,0.952213052895295,0.939913941814058,0.0168220865101634,0.077711125584867
0.999268116742419,0.997930984648275,0.941761984310566,0.0575061324318529,0.0452045066226749
V1,V2,V3,V4,V5
0.999953313716447,0.999957153499353,0.984153787615794,0.0157995261006531,0.0328926040461921
0.999869332783179,0.999944309443496,0.987333264762339,0.0125360680208405,0.0404427532426068
0.993403877656519,0.993378507741276,0.992576156347499,0.000827721309020512,0.00731853456415396
0.998702281188571,0.973480858172915,0.952288232826994,0.0464140483615765,0.0263903274530739
V1,V2,V3,V4,V5
0.991066007193284,0.996455695224557,0.959919689926029,0.0311463172672555,0.0593710962742844
0.973509537297726,0.999686114632169,0.944788479221233,0.0287210580764928,0.0354272778177284
0.999885585161553,0.999919166209048,0.9972232045435,0.0026623806180522,0.0093243749494567
0.992864247297854,0.988199256083474,0.964015297240275,0.0288489500575784,0.0495145897109475
V1,V2,V3,V4,V5
0.998728892257478,0.99918790453717,0.99821750312578,0.000511389131698172,0.00100988190159616
0.99432055721488,0.999942598807222,0.955514869751112,0.0388056874637677,0.0662621178729861
0.999355972783222,0.999271646134361,0.990681369636257,0.00867460314696479,0.0276136639885095
0.998664588217583,0.9986574344612,0.997121370593982,0.00154321762360089,0.00244008147868081
V1,V2,V3,V4,V5
0.999965139620486,0.999976364499227,0.977411033890469,0.0225541057300171,0.0133890178471106
0.999903880302011,0.999764221476597,0.988904228440378,0.0109996518616333,0.0253536417636367
0.999269834216477,0.999343817516586,0.958614313680856,0.0406555205356201,0.0448966463433316
0.981600399135831,0.999146562983675,0.951291978237574,0.0303084208982574,0.0614517066858567
V1,V2,V3,V4,V5
0.999790802792736,0.997856226142671,0.982394291334172,0.0173965114585644,0.035397389623859
0.994179367566565,0.998912308685585,0.949563029871409,0.0446163376951553,0.0407342555289852
0.9934137366395,0.993456480807121,0.978825519931142,0.0145882167083575,0.0522947141567329
0.999112050215939,0.999631656534577,0.993611260317694,0.00550078989824515,0.0146764274033107
V1,V2,V3,V4,V5
0.96114208550288,0.998129718347105,0.933181251337577,0.0279608341653037,0.0648080754804581
0.999946447802465,0.999952100030151,0.99639804228878,0.00354840551368554,0.00897647450433003
0.999748936865571,0.999717164289606,0.99871274979857,0.00103618706700146,0.000906595793281469
0.9991806767044,0.998968693087456,0.982892894165496,0.0162877825389037,0.0433999541251024
